{"cameraMode":{"drawMode":0,"name":"Shaded","section":"Shading Mode"},"sceneLighting":true,"audioPlay":false,"sceneViewState":{"m_AlwaysRefresh":false,"showFog":true,"showSkybox":true,"showFlares":true,"showImageEffects":true,"showParticleSystems":true,"showVisualEffectGraphs":true,"m_FxEnabled":true},"in2DMode":false,"pivot":{"x":-1.6852384805679322,"y":5.9644775390625,"z":-16.099945068359376},"rotation":{"x":-0.12610799074172975,"y":-0.011841799132525921,"z":-0.007376981899142265,"w":-0.9918835163116455},"size":0.4205102026462555,"orthographic":false}